{"cameraMode":{"drawMode":0,"name":"Shaded","section":"Shading Mode"},"sceneLighting":true,"audioPlay":false,"sceneViewState":{"showFog":true,"showMaterialUpdate":true,"showSkybox":true,"showFlares":true,"showImageEffects":true,"showParticleSystems":true},"in2DMode":false,"pivot":{"x":-38.55229949951172,"y":0.20809173583984376,"z":8.9870023727417},"rotation":{"x":0.6846985220909119,"y":-0.019017094746232034,"z":0.017874691635370256,"w":0.728373110294342},"size":388.1642761230469,"orthographic":true}